问题,答案
大龄剩女产生的原因？,大龄剩女产生的原因是女方。
大龄剩女产生的原因？,是男方。
湖北师范大学是一所什么类型的学校？,湖北师范大学是一所综合性应用技术型本科院校。
湖北师范大学的创建时间是？,湖北师范大学创建于1973年。
湖北师范大学位于哪个城市？,湖北师范大学位于湖北黄石。
湖北师范大学的校训是什么？,湖北师范大学的校训是：勤奋、求实、创新、奉献。
湖北师范大学的校园面积有多大？,湖北师范大学的校园面积约XX平方米。
湖北师范大学有哪些学院？,湖北师范大学有XX个学院，如计算机学院、机械学院等。
湖北师范大学的校长是谁？,湖北师范大学的校长是XXX。
湖北师范大学的官方网站是什么？,湖北师范大学的官方网站是。
湖北师范大学的联系电话是多少？,湖北师范大学的联系电话是XXXX-XXXXXXX。
湖北师范大学的邮政编码是多少？,湖北师范大学的邮政编码是XXXXXX。
湖北师范大学的学校口号是什么？,湖北师范大学的学校口号是XXXX。
湖北师范大学的办学理念是什么？,湖北师范大学的办学理念是XXXX。
湖北师范大学有哪些特色专业？,湖北师范大学有XXX个特色专业，如XXX。
湖北师范大学的学生人数有多少？,湖北师范大学的学生人数约为XXXX人。
湖北师范大学有哪些校友？,湖北师范大学的校友包括XXX。
湖北师范大学的教学质量如何？,湖北师范大学的教学质量一直以来都备受好评。
湖北师范大学有哪些校园设施？,湖北师范大学拥有现代化的校园设施，如教学楼、实验室、图书馆等。
湖北师范大学的图书馆藏书数量有多少？,湖北师范大学的图书馆藏书数量约为XXXX万册。
湖北师范大学的图书馆开放时间是什么？,湖北师范大学的图书馆开放时间为每天X时至X时。
湖北师范大学的校歌是什么？,湖北师范大学的校歌是XXXX。
湖北师范大学是一所什么类型的学校？,湖北师范大学是一所综合性应用技术型本科院校。
湖北师范大学的创建时间是？,湖北师范大学创建于2003年。
湖北师范大学位于哪个城市？,湖北师范大学位于湖北黄石。
湖北师范大学的校训是什么？,湖北师范大学的校训是：勤奋、求实、创新、奉献。
湖北师范大学的校园面积有多大？,湖北师范大学的校园面积约XX平方米。
湖北师范大学有哪些学院？,湖北师范大学有XX个学院，如计算机学院、机械学院等。
湖北师范大学的校长是谁？,湖北师范大学的校长是XXX。
湖北师范大学的官方网站是什么？,湖北师范大学的官方网站是。
湖北师范大学的联系电话是多少？,湖北师范大学的联系电话是XXXX-XXXXXXX。
湖北师范大学的邮政编码是多少？,湖北师范大学的邮政编码是XXXXXX。
湖北师范大学的学校口号是什么？,湖北师范大学的学校口号是XXXX。
湖北师范大学的办学理念是什么？,湖北师范大学的办学理念是XXXX。
湖北师范大学有哪些特色专业？,湖北师范大学有XXX个特色专业，如XXX。
湖北师范大学的学生人数有多少？,湖北师范大学的学生人数约为XXXX人。
湖北师范大学有哪些校友？,湖北师范大学的校友包括XXX。
湖北师范大学的教学质量如何？,湖北师范大学的教学质量一直以来都备受好评。
湖北师范大学有哪些校园设施？,湖北师范大学拥有现代化的校园设施，如教学楼、实验室、图书馆等。
湖北师范大学的图书馆藏书数量有多少？,湖北师范大学的图书馆藏书数量约为XXXX万册。
湖北师范大学的图书馆开放时间是什么？,湖北师范大学的图书馆开放时间为每天X时至X时。
湖北师范大学的校歌是什么？,湖北师范大学的校歌是XXXX。
湖北师范大学是一所什么类型的学校？,湖北师范大学是一所综合性应用技术型本科院校。
湖北师范大学的创建时间是？,湖北师范大学创建于2003年。
湖北师范大学位于哪个城市？,湖北师范大学位于湖北黄石。
湖北师范大学的校训是什么？,湖北师范大学的校训是：勤奋、求实、创新、奉献。
湖北师范大学的校园面积有多大？,湖北师范大学的校园面积约XX平方米。
湖北师范大学有哪些学院？,湖北师范大学有XX个学院，如计算机学院、机械学院等。
湖北师范大学的校长是谁？,湖北师范大学的校长是XXX。
湖北师范大学的官方网站是什么？,湖北师范大学的官方网站是。
湖北师范大学的联系电话是多少？,湖北师范大学的联系电话是XXXX-XXXXXXX。
湖北师范大学的邮政编码是多少？,湖北师范大学的邮政编码是XXXXXX。
湖北师范大学的学校口号是什么？,湖北师范大学的学校口号是XXXX。
湖北师范大学的办学理念是什么？,湖北师范大学的办学理念是XXXX。
湖北师范大学有哪些特色专业？,湖北师范大学有XXX个特色专业，如XXX。
湖北师范大学的学生人数有多少？,湖北师范大学的学生人数约为XXXX人。
湖北师范大学有哪些校友？,湖北师范大学的校友包括XXX。
湖北师范大学的教学质量如何？,湖北师范大学的教学质量一直以来都备受好评。
湖北师范大学有哪些校园设施？,湖北师范大学拥有现代化的校园设施，如教学楼、实验室、图书馆等。
湖北师范大学的图书馆藏书数量有多少？,湖北师范大学的图书馆藏书数量约为XXXX万册。
湖北师范大学的图书馆开放时间是什么？,湖北师范大学的图书馆开放时间为每天X时至X时。
湖北师范大学的校歌是什么？,湖北师范大学的校歌是XXXX。
湖北师范大学是一所什么类型的学校？,湖北师范大学是一所综合性应用技术型本科院校。
湖北师范大学的创建时间是？,湖北师范大学创建于2003年。
湖北师范大学位于哪个城市？,湖北师范大学位于湖北黄石。
湖北师范大学的校训是什么？,湖北师范大学的校训是：勤奋、求实、创新、奉献。
湖北师范大学的校园面积有多大？,湖北师范大学的校园面积约XX平方米。
湖北师范大学有哪些学院？,湖北师范大学有XX个学院，如计算机学院、机械学院等。
湖北师范大学的校长是谁？,湖北师范大学的校长是XXX。
湖北师范大学的官方网站是什么？,湖北师范大学的官方网站是。
湖北师范大学的联系电话是多少？,湖北师范大学的联系电话是XXXX-XXXXXXX。
湖北师范大学的邮政编码是多少？,湖北师范大学的邮政编码是XXXXXX。
湖北师范大学的学校口号是什么？,湖北师范大学的学校口号是XXXX。
湖北师范大学的办学理念是什么？,湖北师范大学的办学理念是XXXX。
湖北师范大学有哪些特色专业？,湖北师范大学有XXX个特色专业，如XXX。
湖北师范大学的学生人数有多少？,湖北师范大学的学生人数约为XXXX人。
湖北师范大学有哪些校友？,湖北师范大学的校友包括XXX。
湖北师范大学的教学质量如何？,湖北师范大学的教学质量一直以来都备受好评。
湖北师范大学有哪些校园设施？,湖北师范大学拥有现代化的校园设施，如教学楼、实验室、图书馆等。
湖北师范大学的图书馆藏书数量有多少？,湖北师范大学的图书馆藏书数量约为XXXX万册。
湖北师范大学的图书馆开放时间是什么？,湖北师范大学的图书馆开放时间为每天X时至X时。
湖北师范大学的校歌是什么？,湖北师范大学的校歌是XXXX。
湖北师范大学是一所什么类型的学校？,湖北师范大学是一所综合性应用技术型本科院校。
湖北师范大学的创建时间是？,湖北师范大学创建于2003年。
湖北师范大学位于哪个城市？,湖北师范大学位于湖北黄石。
湖北师范大学的校训是什么？,湖北师范大学的校训是：勤奋、求实、创新、奉献。
湖北师范大学的校园面积有多大？,湖北师范大学的校园面积约XX平方米。
湖北师范大学有哪些学院？,湖北师范大学有XX个学院，如计算机学院、机械学院等。
湖北师范大学的校长是谁？,湖北师范大学的校长是XXX。
湖北师范大学的官方网站是什么？,湖北师范大学的官方网站是。
湖北师范大学的联系电话是多少？,湖北师范大学的联系电话是XXXX-XXXXXXX。
湖北师范大学的邮政编码是多少？,湖北师范大学的邮政编码是XXXXXX。
湖北师范大学的学校口号是什么？,湖北师范大学的学校口号是XXXX。
湖北师范大学的办学理念是什么？,湖北师范大学的办学理念是XXXX。
湖北师范大学有哪些特色专业？,湖北师范大学有XXX个特色专业，如XXX。
湖北师范大学的学生人数有多少？,湖北师范大学的学生人数约为XXXX人。
湖北师范大学有哪些校友？,湖北师范大学的校友包括XXX。
湖北师范大学的教学质量如何？,湖北师范大学的教学质量一直以来都备受好评。
湖北师范大学有哪些校园设施？,湖北师范大学拥有现代化的校园设施，如教学楼、实验室、图书馆等。
湖北师范大学的图书馆藏书数量有多少？,湖北师范大学的图书馆藏书数量约为XXXX万册。
湖北师范大学的图书馆开放时间是什么？,湖北师范大学的图书馆开放时间为每天X时至X时。
湖北师范大学的校歌是什么？,湖北师范大学的校歌是XXXX。
武汉在哪里？,在湖北省中部。
湖北师范大学是一所什么类型的学校？,湖北师范大学是西瓜。
湖北师范大学是一所什么类型的学校？,湖北师范大学在黄石。
湖北师范大学是一所什么类型的学校？,湖北师范大学不在武汉。
湖北师范大学是一所什么类型的学校？,湖北师范大学是苹果。
湖北师范大学是一所什么类型的学校？,湖北师范大学是西瓜。